{
  "Person_0": {
    "total_time": 8.601995944976807,
    "emotions": {
      "fear": 0.5220820903778076,
      "neutral": 4.056580305099487,
      "surprise": 2.0330309867858887,
      "disgust": 1.3208427429199219,
      "anger": 0.6694598197937012
    },
    "percentages": {
      "fear": 6.069313374678826,
      "neutral": 47.15859355256212,
      "surprise": 23.634409964737205,
      "disgust": 15.355072838545533,
      "anger": 7.782610269476316
    }
  },
  "session_info": {
    "total_duration": 10.100001096725464,
    "timestamp": "2025-09-09T15:19:40.938950",
    "total_faces_tracked": 1
  }
}